n,last_name,year,vial_num,vial_n,landcover,landcover_details,substrate,substrate_type,site_code,sample_id,site_id,lat_dd,lon_dd,om_prop,c_prop,gwc_prop,bd_gcm3,depth_cm,c_kg_m2,burn_hx,burn_year
240,Jardine,2017,65,NA,peat plateau,NA,soil,NA,72B2,"72B2 T1,0",72B2,61.35149,-163.02275,0.6378,0.279,6.01,0.0432,32,3.86,b,1970
241,Jardine,2017,66,NA,peat plateau,NA,soil,NA,72B2,"72B2 T2,0",72B2,61.35168,-163.02261,0.7074,0.285,5.77,0.1494,20,8.52,b,1970
242,Jardine,2017,67,NA,peat plateau,NA,soil,NA,72B2,"72B2 T3,0",72B2,61.35178,-163.02242,0.5682,0.275,2.51,0.2873,21,16.58,b,1970
243,Jardine,2017,68,NA,peat plateau,NA,soil,NA,72B3,"72B3 T1,0",72B3,61.29217,-163.36052,0.9009,0.375,6.05,0.0654,31,7.59,b,1970
244,Jardine,2017,69,NA,peat plateau,NA,soil,NA,72B3,"72B3 T2,0",72B3,61.2921,-163.36073,0.8881,0.351,5.77,0.0788,30,8.3,b,1970
245,Jardine,2017,70,NA,peat plateau,NA,soil,NA,72B3,"72B3 T3,0",72B3,61.29202,-163.36098,0.7519,0.32,2.79,0.0841,37,9.95,b,1970
246,Jardine,2017,71,NA,peat plateau,NA,soil,NA,72B4,"72B4 T1,0",72B4,61.24963,-163.20667,0.7585,0.303,3.64,0.1397,37,15.66,b,1970
247,Jardine,2017,72,NA,peat plateau,NA,soil,NA,72B4,"72B4 T2,0",72B4,61.24974,-163.20647,0.9031,0.34,9.42,0.0481,37,6.06,b,1970
248,Jardine,2017,73,NA,peat plateau,NA,soil,NA,72B4,"72B4 T3,0",72B4,61.24982,-163.2063,0.6815,0.29,3.15,0.1979,29,16.63,b,1970
249,Navarro,2017,74,NA,peat plateau,moss patch,soil,NA,B1,B13-M,B13,61.25887,-163.24207,0.9852,0.495,6.92,0.0215,19,2.02,b,2015
250,Navarro,2017,75,NA,peat plateau,lichen patch,soil,NA,B1,B13-S,B13,61.25887,-163.24207,NA,NA,NA,NA,13,NA,b,2015
251,Navarro,2017,76,NA,peat plateau,moss patch,soil,NA,B1,B12-M,B12,61.25931,-163.24197,0.9818,0.477,10.88,0.0291,17,2.36,b,2015
252,Navarro,2017,77,NA,peat plateau,lichen patch,soil,NA,B1,B12-S,B12,61.25931,-163.24197,NA,NA,NA,NA,14,NA,b,2015
253,Navarro,2017,78,NA,peat plateau,moss patch,soil,NA,B1,B11-M,B11,61.25959,-163.24173,NA,NA,NA,NA,14,NA,b,2015
254,Navarro,2017,79,NA,peat plateau,lichen patch,soil,NA,B1,B11-S,B11,61.25959,-163.24173,NA,NA,NA,NA,14,NA,b,2015
233,Jardine,2017,57,NA,peat plateau,NA,soil,NA,B2,"B2 T2,0",B2,61.3208,-163.24312,0.7419,0.26,3.22,0.1199,34,10.62,b,2015
237,Jardine,2017,61,NA,peat plateau,NA,soil,NA,B2,"B2 T3,0",B2,61.3208,-163.24312,0.6967,0.29,3.3,0.1029,42,12.54,b,2015
239,Jardine,2017,LJ1,NA,peat plateau,NA,soil,NA,B2,"B2 T1,0 (HSB1)",B2,61.3208,-163.24312,0.7983,0.445,3.15,0.1906,15,12.73,b,2015
266,Navarro,2017,91,NA,peat plateau,moss patch,soil,NA,B2,B21-M,B21,61.27021,-163.23619,0.9785,0.456,9.82,0.0318,11,1.59,b,2015
267,Navarro,2017,92,NA,peat plateau,lichen patch,soil,NA,B2,B21-S,B21,61.27021,-163.23619,0.8393,0.456,3.89,0.1153,10,5.26,b,2015
268,Navarro,2017,93,NA,peat plateau,moss patch,soil,NA,B2,B22-M,B22,61.27024,-163.23622,0.6697,0.485,9.51,0.0335,14,2.28,b,2015
269,Navarro,2017,94,NA,peat plateau,lichen patch,soil,NA,B2,B22-S,B22,61.27024,-163.23622,NA,0.439,4.22,0.1158,10,5.09,b,2015
270,Navarro,2017,95,NA,peat plateau,moss patch,soil,NA,B2,B23-M,B23,61.27022,-163.23615,0.967,0.479,8.83,0.0392,10,1.88,b,2015
271,Navarro,2017,96,NA,peat plateau,lichen patch,soil,NA,B2,B23-S,B23,61.27022,-163.23615,0.9005,0.446,4.3,0.0671,11,3.29,b,2015
234,Jardine,2017,58,NA,peat plateau,NA,soil,NA,B3,"B3 T3,0",B3T3,61.27071,-163.23524,0.3994,0.19,1.53,0.636,10,12.08,b,2015
235,Jardine,2017,59,NA,peat plateau,NA,soil,NA,B3,"B3 T1,0 (HSB2)",B3T1,61.27076,-163.2347,0.2868,0.128,1.14,0.3586,33,15.13,b,2015
236,Jardine,2017,60,NA,peat plateau,NA,soil,NA,B3,"B3 T2,0",B3T2,61.27073,-163.235,0.2299,0.102,1,0.3658,39,14.53,b,2015
278,Navarro,2017,103,NA,peat plateau,moss patch,soil,NA,B3,B31-M,B31,61.2865,-163.25362,0.9599,0.489,7.15,0.0255,20,2.5,b,2015
279,Navarro,2017,104,NA,peat plateau,lichen patch,soil,NA,B3,B31-S,B31,61.2865,-163.25362,0.7948,0.438,3.07,0.1112,16,7.79,b,2015
280,Navarro,2017,105,NA,peat plateau,moss patch,soil,NA,B3,B32-M,B32,61.28652,-163.25359,0.9602,0.492,7.74,0.0507,13,3.24,b,2015
281,Navarro,2017,106,NA,peat plateau,lichen patch,soil,NA,B3,B32-S,B32,61.28652,-163.25359,0.7772,0.399,3.67,0.0751,20,5.99,b,2015
282,Navarro,2017,107,NA,peat plateau,moss patch,soil,NA,B3,B33-M,B33,61.28653,-163.25354,0.962,0.484,117.62,0.0019,21,0.19,b,2015
283,Navarro,2017,108,NA,peat plateau,lichen patch,soil,NA,B3,B33-S,B33,61.28653,-163.25354,0.794,0.451,3.02,0.1152,13,6.75,b,2015
1,Moubarak,2019,MM40,NA,NA,NA,soil,NA,D1,D1C1,D1,61.26418,-163.24937,0.985,0.434,0.7065,0.0655,19,5.4,b,2015
2,Moubarak,2019,MM42,NA,NA,NA,soil,NA,D1,D1C3,D1,61.26418,-163.24937,0.904,0.406,0.8075,0.0503,21,4.29,b,2015
3,Moubarak,2019,MM44,NA,NA,NA,soil,NA,D1,D1C2,D1,61.26418,-163.24937,0.9586,0.432,0.8689,0.0237,18,1.85,b,2015
4,Moubarak,2019,MM38,NA,NA,NA,soil,NA,D2,D2C2,D2,61.26457,-163.24841,0.8481,0.38,0.7651,0.0511,13,2.53,b,2015
6,Moubarak,2019,MM41,NA,NA,NA,soil,NA,D2,D2C1,D2,61.26457,-163.24841,0.9096,0.432,0.8285,0.0158,23,1.57,b,2015
5,Moubarak,2019,MM52,NA,NA,NA,soil,NA,D2,D2C3,D2,61.26457,-163.24841,0.8662,0.375,0.819,0.0272,20.5,2.09,b,2015
7,Moubarak,2019,MM54,NA,NA,NA,soil,NA,D2,D2C1,D2,61.26457,-163.24841,0.951,0.363,0.8393,0.0148,23,1.24,b,2015
9,Moubarak,2019,MM25,NA,NA,NA,soil,NA,D3,D3C1,D3,61.26459,-163.24919,0.9274,0.391,0.8301,0.0274,23,2.46,b,2015
10,Moubarak,2019,MM27,NA,NA,NA,soil,NA,D3,D3C3,D3,61.26459,-163.24919,0.9363,0.398,0.865,0.0325,17.5,2.26,b,2015
8,Moubarak,2019,MM51,NA,NA,NA,soil,NA,D3,D3C2,D3,61.26459,-163.24919,0.9089,0.413,0.8137,0.0382,14,2.21,b,2015
13,Moubarak,2019,MM62,NA,NA,NA,soil,NA,D4,D4C1,D4,61.26473,-163.24979,0.8183,0.282,0.8109,0.0396,20,2.24,b,2015
11,Moubarak,2019,MM86,NA,NA,NA,soil,NA,D4,D4C2,D4,61.26473,-163.24979,0.3321,0.2,0.6515,0.2428,12,5.82,b,2015
12,Moubarak,2019,MM96,NA,NA,NA,soil,NA,D4,D4C3,D4,61.26473,-163.24979,0.5878,0.381,0.7541,0.2347,5,4.47,b,2015
14,Moubarak,2019,MM60,NA,NA,NA,soil,NA,D5,D5C3,D5,61.26559,-163.25044,0.8096,0.384,0.7925,0.0669,15,3.86,b,2015
15,Moubarak,2019,MM81,NA,NA,NA,soil,NA,D5,D5C1,D5,61.26559,-163.25044,0.9305,0.414,0.8261,0.0391,15.5,2.51,b,2015
16,Moubarak,2019,MM82,NA,NA,NA,soil,NA,D5,D5C2,D5,61.26559,-163.25044,0.9021,0.439,0.8342,0.0636,15,4.19,b,2015
19,Moubarak,2019,MM77,NA,NA,NA,soil,NA,D6,D6C3,D6,61.26546,-163.25031,0.9332,0.451,0.868,0.0348,21,3.3,b,2015
17,Moubarak,2019,MM93,NA,NA,NA,soil,NA,D6,D6C1,D6,61.26546,-163.25031,0.8993,0.426,0.7869,0.0546,18.5,4.3,b,2015
18,Moubarak,2019,MM97,NA,NA,NA,soil,NA,D6,D6C2,D6,61.26546,-163.25031,0.8658,0.43,0.8102,0.0601,19,4.9,b,2015
188,Melton,2017,13,NA,drained lake,drained lake,sediment,NA,DL1,DL1 B25 (DL5),DL1,61.25872,-163.23576,0.8227,0.416,7.08,0.0375,23,3.59,u,NA
189,Melton,2017,14,NA,drained lake,drained lake,sediment,NA,DL1,DL1 A25 (DL4),DL1,61.25877,-163.23569,0.3678,0.21,2.74,0.2118,24,10.65,u,NA
223,Melton,2017,SM DL1 A,NA,drained lake,drained lake,sediment,NA,DL1,DL1 C25 (DL6),DL1,61.25866,-163.23582,0.3863,0.207,1.87,0.1513,29,9.07,u,NA
220,Melton,2017,45,NA,drained lake,drained lake,sediment,NA,DL2,DL2 A7,DL2,61.25142,-163.25493,NA,0.472,10.06,0.0326,30,4.61,u,NA
221,Melton,2017,46,NA,drained lake,drained lake,sediment,NA,DL2,DL2 B6,DL2,61.25146,-163.25505,0.9272,0.486,14.58,0.042,33,6.74,u,NA
222,Melton,2017,47,NA,drained lake,drained lake,sediment,NA,DL2,DL2 C5,DL2,61.2515,-163.25516,0.929,0.5,8.66,0.0682,29,9.89,u,NA
190,Melton,2017,15,NA,fen,fen,soil,NA,FN1,FN1 A20,FN1,61.25898,-163.24026,0.3308,0.171,2.22,0.2024,25,8.64,u,NA
191,Melton,2017,16,NA,fen,fen,soil,NA,FN1,FN1 B25,FN1,61.2589,-163.2403,0.2315,0.144,1.54,0.3893,26,14.62,u,NA
192,Melton,2017,17,NA,fen,fen,soil,NA,FN1,FN1 C25,FN1,61.25885,-163.24031,0.2035,0.096,1.11,NA,34,NA,u,NA
208,Melton,2017,33,NA,fen,fen,soil,NA,FN2,FN2 A20,FN2,61.27085,-163.24286,0.9317,0.454,16.52,0.0242,31,3.41,u,NA
209,Melton,2017,34,NA,fen,fen,soil,NA,FN2,FN2 B20,FN2,61.27086,-163.24278,0.9425,0.456,12.43,0.0353,32,5.15,u,NA
210,Melton,2017,35,NA,fen,fen,soil,NA,FN2,FN2 C20,FN2,61.27088,-163.24266,0.9047,0.509,8.92,0.0452,30,6.9,u,NA
214,Melton,2017,39,NA,fen,fen,soil,NA,FN3,FN3 A20,FN3,61.28803,-163.26111,0.563,0.327,4.3,0.0631,32,6.6,b,2015
215,Melton,2017,40,NA,fen,fen,soil,NA,FN3,FN3 B20,FN3,61.28805,-163.26108,0.4556,0.193,3.23,NA,27,NA,b,2015
216,Melton,2017,41,NA,fen,fen,soil,NA,FN3,FN3 B0,FN3,61.28792,-163.26086,0.3464,0.196,2.64,0.0539,34,3.59,b,2015
202,Melton,2017,27,NA,peat plateau,high intensity burn,soil,NA,HI1,HI1 A27,HI1,61.27073,-163.23526,0.2004,0.073,0.97,NA,NA,NA,b,2015
203,Melton,2017,28,NA,peat plateau,high intensity burn,soil,NA,HI1,HI1 B30,HI1,61.27075,-163.23495,0.2498,0.106,1.16,NA,34,NA,b,2015
204,Melton,2017,29,NA,peat plateau,high intensity burn,soil,NA,HI1,HI1 C30,HI1,61.27074,-163.23468,0.2099,0.1,0.77,0.5211,31,16.1,b,2015
217,Melton,2017,42,NA,peat plateau,high intensity burn,soil,NA,HI2,HI2 A5,HI2,61.28779,-163.26132,0.5685,0.298,1.87,0.2077,30,18.56,b,2015
218,Melton,2017,43,NA,peat plateau,high intensity burn,soil,NA,HI2,HI2 B5,HI2,61.2879,-163.26141,0.6282,0.331,2.15,0.2054,30,20.37,b,2015
219,Melton,2017,44,NA,peat plateau,high intensity burn,soil,NA,HI2,HI2 C5,HI2,61.28797,-163.26146,0.9841,0.332,2.22,0.2442,31,25.13,b,2015
205,Melton,2017,30,NA,peat plateau,low intensity burn,soil,NA,LI1,LI1 A20,LI1,61.27237,-163.23346,0.8393,0.423,3.64,0.1241,35,18.39,b,2015
206,Melton,2017,31,NA,peat plateau,low intensity burn,soil,NA,LI1,LI1 B20,LI1,61.27236,-163.23326,0.4478,0.236,2.14,0.2597,31,19,b,2015
207,Melton,2017,32,NA,peat plateau,low intensity burn,soil,NA,LI1,LI1 C20,LI1,61.27235,-163.23312,0.3649,0.202,1.48,0.4102,30,24.87,b,2015
211,Melton,2017,36,NA,peat plateau,low intensity burn,soil,NA,LI2,LI2 A20,LI2,61.28419,-163.2574,0.324,0.171,1.26,0.2215,31,11.77,b,2015
212,Melton,2017,37,NA,peat plateau,low intensity burn,soil,NA,LI2,LI2 B20,LI2,61.28412,-163.25728,0.6213,0.335,2.66,0.1616,31,16.79,b,2015
213,Melton,2017,38,NA,peat plateau,low intensity burn,soil,NA,LI2,LI2 C20,LI2,61.28406,-163.25714,0.6088,0.326,3.16,0.1449,30,14.15,b,2015
182,Melton,2017,7,NA,peat plateau,peat plateau,soil,NA,LK P2,LK P2 A25,LK P2,61.25691,-163.23877,0.8689,0.457,6.96,0.0522,33,7.87,u,NA
183,Melton,2017,8,NA,peat plateau,peat plateau,soil,NA,LK P2,LK P2 B25,LK P2,61.25685,-163.23856,0.8871,0.43,7.34,0.0428,26,4.79,u,NA
184,Melton,2017,9,NA,peat plateau,peat plateau,soil,NA,LK P2,LK P2 C25,LK P2,61.2568,-163.2384,0.8104,0.415,4.72,0.0963,37,14.77,u,NA
176,Melton,2017,1,NA,peat plateau,degraded,soil,NA,LK20,LK20 A25,LK20,61.26082,-163.24644,0.8774,0.472,3.35,0.1501,32,22.69,u,NA
177,Melton,2017,2,NA,peat plateau,degraded,soil,NA,LK20,LK20 B25,LK20,61.2608,-163.24672,0.891,0.464,NA,0.0644,34,10.16,u,NA
178,Melton,2017,3,NA,peat plateau,degraded,soil,NA,LK20,LK20 C25,LK20,61.26079,-163.24693,0.8528,0.466,6.83,0.0778,31,11.25,u,NA
179,Melton,2017,4,NA,peat plateau,tussocks,soil,NA,LK21,LK21 A25,LK21,61.26027,-163.24229,0.9051,0.452,5.79,0.0602,30,8.17,u,NA
180,Melton,2017,5,NA,peat plateau,tussocks,soil,NA,LK21,LK21 B25,LK21,61.26023,-163.24246,0.9227,0.452,6.54,0.0503,35,7.96,u,NA
181,Melton,2017,6,NA,peat plateau,tussocks,soil,NA,LK21,LK21 C25,LK21,61.26008,-163.24261,0.9411,0.493,5.83,0.052,24,6.15,u,NA
193,Melton,2017,18,NA,peat plateau,lichen,soil,NA,LP1,LP1 A20,LP1,61.23603,-163.24648,0.8476,0.436,3.73,0.1082,24,11.31,u,NA
194,Melton,2017,19,NA,peat plateau,lichen,soil,NA,LP1,LP1 B20,LP1,61.236,-163.24629,0.9097,0.443,8.9,0.0696,35,10.79,u,NA
195,Melton,2017,20,NA,peat plateau,lichen,soil,NA,LP1,LP1 C20,LP1,61.23598,-163.24619,0.5876,0.399,2.28,0.2266,26,23.51,u,NA
21,Moubarak,2019,MM39,NA,NA,NA,soil,NA,M1,M1C3,M1,61.26452,-163.2495,0.8917,0.441,0.85,0.0826,25,9.1,b,2015
22,Moubarak,2019,MM65,NA,NA,NA,soil,NA,M1,M1C1,M1,61.26452,-163.2495,0.958,0.443,0.8667,0.0309,15,2.05,b,2015
20,Moubarak,2019,MM66,NA,NA,NA,soil,NA,M1,M1C2,M1,61.26452,-163.2495,0.8661,0.44,0.8279,0.0233,27,2.77,b,2015
25,Moubarak,2019,MM24,NA,NA,NA,soil,NA,M2,M2C1,M2,61.26434,-163.24959,0.9702,0.408,0.8616,0.0323,21,2.77,b,2015
24,Moubarak,2019,MM58,NA,NA,NA,soil,NA,M2,M2C3,M2,61.26434,-163.24959,0.9271,0.348,0.8408,0.0248,19,1.64,b,2015
23,Moubarak,2019,MM64,NA,NA,NA,soil,NA,M2,M2C2,M2,61.26434,-163.24959,0.9247,0.464,0.7958,0.0224,21,2.18,b,2015
27,Moubarak,2019,MM49,NA,NA,NA,soil,NA,M3,M3C1,M3,61.26468,-163.24982,0.9576,0.421,0.8768,0.0234,16,1.57,b,2015
26,Moubarak,2019,MM53,NA,NA,NA,soil,NA,M3,M3C3,M3,61.26468,-163.24982,0.9526,0.451,0.794,0.029,19,2.49,b,2015
28,Moubarak,2019,MM89,NA,NA,NA,soil,NA,M3,M3C2,M3,61.26468,-163.24982,0.9602,0.438,0.9039,0.0346,21,3.18,b,2015
29,Moubarak,2019,MM73,NA,NA,NA,soil,NA,M4,M4C2,M4,61.2653,-163.25005,0.8052,0.386,0.791,0.0491,17,3.22,b,2015
31,Moubarak,2019,MM91,NA,NA,NA,soil,NA,M4,M4C1,M4,61.2653,-163.25005,0.8203,0.424,0.8336,0.0457,17,3.3,b,2015
30,Moubarak,2019,MM99,NA,NA,NA,soil,NA,M4,M4C3,M4,61.2653,-163.25005,0.8162,0.412,0.8101,0.058,15,3.58,b,2015
32,Moubarak,2019,MM74,NA,NA,NA,soil,NA,M5,M5C2,M5,61.2654,-163.24991,0.7302,0.392,0.7605,0.112,7,3.07,b,2015
34,Moubarak,2019,MM90,NA,NA,NA,soil,NA,M5,M5C1,M5,61.2654,-163.24991,0.9312,0.455,0.8778,0.033,21,3.15,b,2015
33,Moubarak,2019,MM98,NA,NA,NA,soil,NA,M5,M5C3,M5,61.2654,-163.24991,0.8096,0.44,0.7939,0.038,16,2.68,b,2015
36,Moubarak,2019,MM76,NA,NA,NA,soil,NA,M6,M6C3,M6,61.26541,-163.25676,0.9238,0.447,0.8183,0.0376,15,2.52,b,2015
35,Moubarak,2019,MM79,NA,NA,NA,soil,NA,M6,M6C2,M6,61.26541,-163.25676,0.7797,0.362,0.7496,0.1498,21.5,11.66,b,2015
37,Moubarak,2019,MM101,NA,NA,NA,soil,NA,M6,M6C1,M6,61.26541,-163.25676,0.98,0.403,0.9039,0.0192,13,1.01,b,2015
238,Jardine,2017,62,NA,NA,NA,NA,NA,NA,NA,NA,NA,NA,NA,NA,NA,NA,NA,NA,NA,NA
185,Melton,2017,10,,peat plateau,lichen,soil,NA,NH,NH A0 (U1 core 3),NH,61.25817,-163.24725,0.9129,0.461,7.82,0.0579,32,8.55,u,NA
186,Melton,2017,11,,peat plateau,lichen,soil,NA,NH,NH B0 (U1 core 2),NH,61.25824,-163.24733,0.8369,0.468,4.03,0.1087,27,13.72,u,NA
187,Melton,2017,12,,peat plateau,lichen,soil,NA,NH,NH C0 (U1 core 1),NH,61.25838,-163.24745,0.8749,0.451,3.16,0.0945,33,14.05,u,NA
196,Melton,2017,21,,peat plateau,lichen,soil,NA,P1,P1 A20,P1,61.23466,-163.25591,0.8062,0.392,3.62,0.1341,33,17.35,u,NA
197,Melton,2017,22,,peat plateau,lichen,soil,NA,P1,P1 B20,P1,61.23466,-163.25575,0.2551,0.113,1.36,0.4197,31,14.65,u,NA
198,Melton,2017,23,,peat plateau,lichen,soil,NA,P1,P1 C20,P1,61.23465,-163.25557,0.8254,0.417,6.47,0.0912,31,11.78,u,NA
199,Melton,2017,24,,peat plateau,river adjacent,soil,NA,RP1,RP1 A20,RP1,61.23893,-163.25862,0.7603,0.438,3.15,0.1932,26,22.01,u,NA
200,Melton,2017,25,,peat plateau,river adjacent,soil,NA,RP1,RP1 B20,RP1,61.23888,-163.25842,0.8268,0.403,5.81,0.0578,24,5.59,u,NA
201,Melton,2017,26,,peat plateau,river adjacent,soil,NA,RP1,RP1 C20,RP1,61.23884,-163.25829,0.8187,0.439,5.58,0.1222,31,16.64,u,NA
39,Moubarak,2019,MM28,NA,NA,NA,soil,NA,T1,T1C3,T1,61.26436,-163.2489,0.888,0.341,0.8253,0.0498,16,2.72,b,2015
38,Moubarak,2019,MM47,NA,NA,NA,soil,NA,T1,T1C1,T1,61.26436,-163.2489,0.9287,0.354,0.7886,0.0393,20,2.78,b,2015
40,Moubarak,2019,MM70,NA,NA,NA,soil,NA,T1,T1C2,T1,61.26436,-163.2489,0.8979,0.393,0.8773,0.0318,28,3.5,b,2015
42,Moubarak,2019,MM36,NA,NA,NA,soil,NA,T2,T2C2,T2,61.26517,-163.2487,0.9327,0.336,0.796,0.0231,14,1.09,b,2015
43,Moubarak,2019,MM48,NA,NA,NA,soil,NA,T2,T2C1,T2,61.26517,-163.2487,0.929,0.429,0.8285,0.0336,19,2.74,b,2015
41,Moubarak,2019,MM55,NA,NA,NA,soil,NA,T2,T2C3,T2,61.26517,-163.2487,0.9329,0.441,0.7742,NA,18,NA,b,2015
44,Moubarak,2019,MM22,NA,NA,NA,soil,NA,T3,T3C1,T3,61.26504,-163.24866,0.8212,0.395,0.8247,0.0411,14,2.27,b,2015
45,Moubarak,2019,MM92,NA,NA,NA,soil,NA,T3,T3C3,T3,61.26504,-163.24866,0.9034,0.425,0.891,0.0551,29,6.79,b,2015
47,Moubarak,2019,MM72,NA,NA,NA,soil,NA,T4,T4C1,T4,61.26507,-163.2487,0.9585,0.45,0.8123,0.0292,20,2.63,b,2015
46,Moubarak,2019,MM75,NA,NA,NA,soil,NA,T4,T4C3,T4,61.26507,-163.2487,0.8667,0.436,0.8014,0.057,15,3.73,b,2015
48,Moubarak,2019,MM102,NA,NA,NA,soil,NA,T4,T4C2,T4,61.26507,-163.2487,0.8852,0.427,0.8165,0.0701,9,2.69,b,2015
49,Moubarak,2019,MM100,NA,NA,NA,soil,NA,T5,T5C1,T5,61.26698,-163.25121,0.8149,0.423,0.7822,0.0203,20,1.72,b,2015
51,Moubarak,2019,MM103,NA,NA,NA,soil,NA,T5,T5C3,T5,61.26698,-163.25121,0.8924,0.435,0.8699,0.0453,16,3.15,b,2015
50,Moubarak,2019,MM104,NA,NA,NA,soil,NA,T5,T5C2,T5,61.26698,-163.25121,0.8963,0.429,0.794,0.017,19,1.38,b,2015
224,Jardine,2017,48,NA,peat plateau,NA,soil,NA,U1,"U1 T1,0",U1,61.25849,-163.24748,0.8535,0.348,4.58,0.0825,31,8.91,u,NA
225,Jardine,2017,49,NA,peat plateau,NA,soil,NA,U1,"U1 T2,0",U1,61.25822,-163.24734,0.8114,0.361,3.14,0.1714,23,14.25,u,NA
226,Jardine,2017,50,NA,peat plateau,NA,soil,NA,U1,"U1 T3,0",U1,61.25816,-163.24728,0.7843,0.364,4.32,0.0921,33,11.05,u,NA
255,Navarro,2017,80,NA,peat plateau,moss patch,soil,NA,U1,UNB13-M,UNB13,61.26025,-163.24294,0.9937,0.485,8.28,0.0406,18,3.55,u,NA
256,Navarro,2017,81,NA,peat plateau,lichen patch,soil,NA,U1,UNB12-S,UNB12,61.26064,-163.24373,NA,0.504,4.59,0.0312,17,2.67,u,NA
257,Navarro,2017,82,NA,peat plateau,moss patch,soil,NA,U1,UNB12-M,UNB12,61.26064,-163.24373,NA,NA,NA,NA,25,NA,u,NA
258,Navarro,2017,83,NA,peat plateau,lichen patch,soil,NA,U1,UNB13-S,UNB13,61.26025,-163.24294,0.9469,0.5,3.79,0.0402,17,3.41,u,NA
259,Navarro,2017,84,NA,peat plateau,moss patch,soil,NA,U1,UNB11-M,UNB11,61.26092,-163.24391,0.9638,0.477,10.01,0.0307,17,2.49,u,NA
260,Navarro,2017,85,NA,peat plateau,lichen patch,soil,NA,U1,UNB11-S,UNB11,61.26092,-163.24391,NA,NA,NA,NA,18,NA,u,NA
227,Jardine,2017,51,NA,peat plateau,NA,soil,NA,U2,"U2 T1,0",U2,61.32074,-163.2437,0.8119,0.35,3.43,0.0587,29,5.96,u,NA
228,Jardine,2017,52,NA,peat plateau,NA,soil,NA,U2,"U2 T2,0",U2,61.32077,-163.24348,0.7091,0.311,2.49,0.0872,29,7.88,u,NA
229,Jardine,2017,53,NA,peat plateau,NA,soil,NA,U2,"U2 T3,0",U2,61.32076,-163.24309,0.7004,0.292,3.07,0.0608,23,4.07,u,NA
261,Navarro,2017,86,NA,peat plateau,moss patch,soil,NA,U2,UNB23-M,UNB23,61.32078,-163.24251,NA,0.485,11.45,0.0215,24,2.5,u,NA
262,Navarro,2017,87,NA,peat plateau,lichen patch,soil,NA,U2,UNB23-S,UNB23,61.32078,-163.24251,0.9618,0.479,5.93,0.0533,22,5.62,u,NA
263,Navarro,2017,88,NA,peat plateau,moss patch,soil,NA,U2,UNB22-M,UNB22,61.32072,-163.24243,0.9509,0.476,5.79,0.0346,17,2.8,u,NA
264,Navarro,2017,89,NA,peat plateau,moss patch,soil,NA,U2,UNB21-M,UNB21,61.32075,-163.24237,0.9781,0.492,9.14,0.0322,10,1.58,u,NA
265,Navarro,2017,90,NA,peat plateau,lichen patch,soil,NA,U2,UNB21-S,UNB21,61.32075,-163.24237,0.5708,0.283,2.62,0.0967,20,5.47,u,NA
284,Navarro,2017,ENP UNB22S,NA,peat plateau,lichen patch,soil,NA,U2,UNB22-S,UNB22,61.32072,-163.24243,0.9562,0.474,9.29,0.031,15,2.2,u,NA
230,Jardine,2017,54,NA,peat plateau,NA,soil,NA,U3,"U3 T1,0",U3,61.27041,-163.2373,0.8875,0.374,5.19,0.1342,28,14.05,u,NA
231,Jardine,2017,55,NA,peat plateau,NA,soil,NA,U3,"U3 T2,0",U3,61.27054,-163.2373,0.8787,0.346,4.44,0.1378,18,8.57,u,NA
232,Jardine,2017,56,NA,peat plateau,NA,soil,NA,U3,"U3 T3,0",U3,61.27067,-163.23729,0.8951,0.344,4.46,0.1066,23,8.44,u,NA
272,Navarro,2017,97,NA,peat plateau,moss patch,soil,NA,U3,UNB31-M,UNB31,61.27039,-163.23715,0.9782,0.455,10.58,0.0489,15,3.34,u,NA
273,Navarro,2017,98,NA,peat plateau,lichen patch,soil,NA,U3,UNB31-S,UNB31,61.27039,-163.23715,0.939,0.467,6.44,0.0455,13,2.77,u,NA
274,Navarro,2017,99,NA,peat plateau,moss patch,soil,NA,U3,UNB32-M,UNB32,61.27039,-163.23708,0.9762,0.455,13.13,0.0313,16,2.28,u,NA
275,Navarro,2017,100,NA,peat plateau,lichen patch,soil,NA,U3,UNB32-S,UNB32,61.27039,-163.23708,0.8108,0.444,4.23,0.0756,14,4.7,u,NA
276,Navarro,2017,101,NA,peat plateau,moss patch,soil,NA,U3,UNB33-M,UNB33,61.27036,-163.23706,0.9619,0.487,12.24,0.0337,18,2.96,u,NA
277,Navarro,2017,102,NA,peat plateau,lichen patch,soil,NA,U3,UNB33-S,UNB33,61.27036,-163.23706,0.787,0.438,4.7,0.0789,12,4.15,u,NA
54,Moubarak,2019,MM61,NA,NA,NA,soil,NA,UBD1,UBD1C3,UBD1,61.26312,-163.25008,0.8664,0.374,0.8491,0.0122,24,1.1,u,NA
52,Moubarak,2019,MM67,NA,NA,NA,soil,NA,UBD1,UBD1C2,UBD1,61.26312,-163.25008,0.8922,0.359,0.8313,0.046,12,1.98,u,NA
53,Moubarak,2019,MM83,NA,NA,NA,soil,NA,UBD1,UBD1C1,UBD1,61.26312,-163.25008,0.8742,0.457,0.8321,0.0196,22,1.97,u,NA
57,Moubarak,2019,MM19,NA,NA,NA,soil,NA,UBD13,UBD13C1,UBD13,61.26125,-163.24182,0.9292,0.398,0.8271,0.061,29,7.04,u,NA
55,Moubarak,2019,MM33,NA,NA,NA,soil,NA,UBD13,UBD13C3,UBD13,61.26125,-163.24182,0.9095,0.386,0.8023,0.0346,16,2.14,u,NA
56,Moubarak,2019,MM45,NA,NA,NA,soil,NA,UBD13,UBD13C2,UBD13,61.26125,-163.24182,0.9168,0.434,0.8171,0.0586,20,5.1,u,NA
59,Moubarak,2019,MM5,NA,NA,NA,soil,NA,UBD15,UBD15C2,UBD15,61.26117,-163.24188,0.8352,0.317,0.7899,0.0728,23,5.3,u,NA
58,Moubarak,2019,MM13,NA,NA,NA,soil,NA,UBD15,UBD15C1,UBD15,61.26117,-163.24188,0.9221,0.363,0.7426,0.027,24,2.36,u,NA
60,Moubarak,2019,MM56,NA,NA,NA,soil,NA,UBD16,UBD16C1,UBD16,61.26099,-163.24173,0.935,0.333,0.752,0.0534,21,3.73,u,NA
62,Moubarak,2019,MM10,NA,NA,NA,soil,NA,UBD16,UBD16C2,UBD16,61.26099,-163.24173,0.838,0.367,0.787,0.0469,21,3.62,u,NA
61,Moubarak,2019,MM17,NA,NA,NA,soil,NA,UBD16,UBD16C3,UBD16,61.26099,-163.24173,0.8935,0.374,0.7617,0.0864,18.5,5.98,u,NA
63,Moubarak,2019,MM68,NA,NA,NA,soil,NA,UBD2,UBD2C3,UBD2,61.26756,-163.27008,0.9353,0.412,0.8129,0.048,16.5,3.27,u,NA
65,Moubarak,2019,MM84,NA,NA,NA,soil,NA,UBD2,UBD2C2,UBD2,61.26756,-163.27008,0.948,0.413,0.8707,0.0403,16,2.66,u,NA
64,Moubarak,2019,MM95,NA,NA,NA,soil,NA,UBD2,UBD2C1,UBD2,61.26756,-163.27008,0.9109,0.29,0.8639,0.0352,14,1.43,u,NA
68,Moubarak,2019,MM57,NA,NA,NA,soil,NA,UBD3,UBD3C2,UBD3,61.26763,-163.27016,0.9299,0.424,0.8644,0.0355,27,4.06,u,NA
67,Moubarak,2019,MM78,NA,NA,NA,soil,NA,UBD3,UBD3C1,UBD3,61.26763,-163.27016,0.9251,0.451,0.8593,0.0468,14,2.96,u,NA
66,Moubarak,2019,MM94,NA,NA,NA,soil,NA,UBD3,UBD3C3,UBD3,61.26763,-163.27016,0.7265,0.381,0.8387,0.0339,17,2.2,u,NA
71,Moubarak,2019,MM23,NA,NA,NA,soil,NA,UBM1,UBM1C3,UBM1,61.26305,-163.24997,0.8643,0.363,0.889,0.0562,15,3.06,u,NA
70,Moubarak,2019,MM29,NA,NA,NA,soil,NA,UBM1,UBM1C1,UBM1,61.26305,-163.24997,0.9169,0.358,0.8407,0.0652,10,2.33,u,NA
69,Moubarak,2019,MM34,NA,NA,NA,soil,NA,UBM1,UBM1C2,UBM1,61.26305,-163.24997,0.9342,0.399,0.8374,0.0402,13.5,2.16,u,NA
74,Moubarak,2019,MM2,NA,NA,NA,soil,NA,UBM14,UBM14C1,UBM14,61.26092,-163.24168,0.8922,0.372,0.8451,0.069,28,7.19,u,NA
72,Moubarak,2019,MM3,NA,NA,NA,soil,NA,UBM14,UBM14C2,UBM14,61.26092,-163.24168,0.7003,0.321,0.7462,0.128,27,11.1,u,NA
73,Moubarak,2019,MM16,NA,NA,NA,soil,NA,UBM14,UBM14C3,UBM14,61.26092,-163.24168,0.9349,0.371,0.7768,0.0344,20,2.56,u,NA
77,Moubarak,2019,MM8,NA,NA,NA,soil,NA,UBM15,UBM15C3,UBM15,61.26113,-163.24171,0.8112,0.343,0.7974,0.0593,14,2.85,u,NA
76,Moubarak,2019,MM11,NA,NA,NA,soil,NA,UBM15,UBM15C2,UBM15,61.26113,-163.24171,0.8192,0.351,0.795,0.0599,14.5,3.05,u,NA
75,Moubarak,2019,MM30,NA,NA,NA,soil,NA,UBM15,UBM15C1,UBM15,61.26113,-163.24171,0.7828,0.367,0.7812,0.1665,8,4.88,u,NA
78,Moubarak,2019,MM1,NA,NA,NA,soil,NA,UBM16,UBM16C3,UBM16,61.26108,-163.24179,0.8087,0.384,0.7606,0.0932,2,0.72,u,NA
80,Moubarak,2019,MM14,NA,NA,NA,soil,NA,UBM16,UBM16C1,UBM16,61.26108,-163.24179,0.928,0.383,0.8448,0.0978,7,2.62,u,NA
79,Moubarak,2019,MM15,NA,NA,NA,soil,NA,UBM16,UBM16C2,UBM16,61.26108,-163.24179,0.9354,0.338,0.7769,0.0609,21,4.33,u,NA
82,Moubarak,2019,MM26,NA,NA,NA,soil,NA,UBM2,UBM2C2,UBM2,61.26328,-163.25018,0.9546,0.429,0.8665,0.0427,14,2.56,u,NA
81,Moubarak,2019,MM37,NA,NA,NA,soil,NA,UBM2,UBM2C3,UBM2,61.26328,-163.25018,0.959,0.368,0.8431,0.0291,14.5,1.55,u,NA
83,Moubarak,2019,MM46,NA,NA,NA,soil,NA,UBM2,UBM2C1,UBM2,61.26328,-163.25018,0.9314,0.416,0.9007,0.026,21,2.27,u,NA
85,Moubarak,2019,MM31,NA,NA,NA,soil,NA,UBM3,UBM3C2,UBM3,61.26274,-163.25017,0.8706,0.39,0.8227,0.04,24.5,3.83,u,NA
86,Moubarak,2019,MM32,NA,NA,NA,soil,NA,UBM3,UBM3C1,UBM3,61.26274,-163.25017,0.9545,0.457,0.8315,0.0408,19,3.54,u,NA
84,Moubarak,2019,MM105,NA,NA,NA,soil,NA,UBM3,UBM3C3,UBM3,61.26274,-163.25017,0.9431,0.465,0.8037,0.0361,18,3.02,u,NA
87,Moubarak,2019,MM69,NA,NA,NA,soil,NA,UBT1,UBT1C1,UBT1,61.26198,-163.25053,0.7622,0.206,0.8392,0.291,2,1.2,u,NA
88,Moubarak,2019,MM80,NA,NA,NA,soil,NA,UBT1,UBT1C2,UBT1,61.26198,-163.25053,0.8902,0.368,0.8483,0.0305,16,1.8,u,NA
89,Moubarak,2019,MM85,NA,NA,NA,soil,NA,UBT1,UBT1C3,UBT1,61.26198,-163.25053,0.8442,0.42,0.8739,0.0629,14,3.7,u,NA
91,Moubarak,2019,MM7,NA,NA,NA,soil,NA,UBT10,UBT10C1,UBT10,61.26115,-163.24178,0.9168,0.395,0.7682,0.0447,20,3.53,u,NA
90,Moubarak,2019,MM12,NA,NA,NA,soil,NA,UBT10,UBT10C2,UBT10,61.26115,-163.24178,0.9034,0.355,0.7516,0.0468,21.5,3.57,u,NA
92,Moubarak,2019,MM18,NA,NA,NA,soil,NA,UBT10,UBT10C3,UBT10,61.26115,-163.24178,0.9255,0.385,0.7875,0.0428,22,3.63,u,NA
96,Moubarak,2019,MM6,NA,NA,NA,soil,NA,UBT11,UBT11C2,UBT11,61.26118,-163.24178,0.917,0.375,0.8138,0.0542,20.5,4.17,u,NA
94,Moubarak,2019,MM9,NA,NA,NA,soil,NA,UBT11,UBT11C3,UBT11,61.26118,-163.24178,0.8537,0.336,0.7767,0.09,28,8.46,u,NA
95,Moubarak,2019,MM20,NA,NA,NA,soil,NA,UBT11,UBT11C1,UBT11,61.26118,-163.24178,0.9411,0.388,0.7996,0.024,18,1.68,u,NA
93,Moubarak,2019,MM21,NA,NA,NA,soil,NA,UBT11,UBT11C3,UBT11,61.26118,-163.24178,0.5632,0.309,0.687,0.1261,28,10.91,u,NA
98,Moubarak,2019,MM4,NA,NA,NA,soil,NA,UBT12,UBT12C1,UBT12,61.26109,-163.24164,0.6336,0.213,0.7559,0.04,15,1.28,u,NA
99,Moubarak,2019,MM35,NA,NA,NA,soil,NA,UBT12,UBT12C2,UBT12,61.26109,-163.24164,0.7952,0.333,0.7786,0.0971,17.5,5.66,u,NA
97,Moubarak,2019,MM43,NA,NA,NA,soil,NA,UBT12,UBT12C3,UBT12,61.26109,-163.24164,0.6896,0.284,0.7514,0.1558,20.5,9.07,u,NA
100,Moubarak,2019,MM50,NA,NA,NA,soil,NA,UBT2,UBT2C2,UBT2,61.26183,-163.25114,0.8914,0.366,0.8218,0.0564,11,2.27,u,NA
102,Moubarak,2019,MM87,NA,NA,NA,soil,NA,UBT2,UBT2C3,UBT2,61.26183,-163.25114,0.9449,0.439,0.9069,0.0589,9,2.33,u,NA
101,Moubarak,2019,MM88,NA,NA,NA,soil,NA,UBT2,UBT2C1,UBT2,61.26183,-163.25114,0.896,0.375,0.8592,0.0636,7,1.67,u,NA
105,Moubarak,2019,MM59,NA,NA,NA,soil,NA,UBT3,UBT3C2,UBT3,61.26157,-163.25111,0.9265,0.398,0.8998,0.041,12,1.95,u,NA
103,Moubarak,2019,MM63,NA,NA,NA,soil,NA,UBT3,UBT3C3,UBT3,61.26157,-163.25111,0.4262,0.383,0.7645,0.194,11,8.17,u,NA
104,Moubarak,2019,MM71,NA,NA,NA,soil,NA,UBT3,UBT3C1,UBT3,61.26157,-163.25111,0.9178,0.382,0.8966,0.0607,19,4.4,u,NA
106,McElvein,2018,AM1,42,high/dry burn,NA,soil,organic,NA,8ABM1,8ABM,61.25777,-163.23824,0.4404,0.45,3.0897,0.1422,30,19.22,b,2015
107,McElvein,2018,AM2,43,high/dry burn,NA,soil,organic,NA,8ABM2,8ABM,61.25774,-163.23834,0.3212,0.337,1.3711,0.2869,30,28.97,b,2015
108,McElvein,2018,AM3,49,high/dry unburn,NA,soil,organic,NA,9ABM4,9ABM,61.22488,-163.1969,0.7588,0.391,2.7459,0.1174,30,13.77,u,NA
109,McElvein,2018,AM4,48,high/dry unburn,NA,soil,organic,NA,9ABM3,9ABM,61.22494,-163.1971,0.2179,0.266,1.1352,0.2197,30,17.55,u,NA
110,McElvein,2018,AM5,47,high/dry unburn,NA,soil,organic,NA,9ABM2,9ABM,61.22501,-163.19734,0.818,0.418,3.7269,0.1175,30,14.75,u,NA
111,McElvein,2018,AM6,44,high/dry burn,NA,soil,organic,NA,8ABM3,8ABM,61.25772,-163.2386,0.2397,0.27,1.8114,0.1887,30,15.26,b,2015
112,McElvein,2018,AM7,46,high/dry unburn,NA,soil,organic,NA,9ABM1,9ABM,61.22531,-163.19771,0.8251,0.414,3.5714,0.1373,30,17.08,u,NA
113,McElvein,2018,AM8,4,high/dry burn,NA,soil,organic,NA,10ABM4,10ABM,61.22612,-163.19826,0.4072,0.411,4.9956,0.079,30,9.73,b,2015
114,McElvein,2018,AM9,54,low/wet burn,NA,soil,organic,NA,ABM5,ABM5,61.26524,-163.24928,0.3998,0.425,7.9971,0.0303,30,3.86,b,2015
115,McElvein,2018,AM10,1,high/dry burn,NA,soil,organic,NA,10ABM1,10ABM,61.2259,-163.1976,0.3511,0.394,3.457,0.1025,30,12.11,b,2015
116,McElvein,2018,AM11,3,high/dry burn,NA,soil,organic,NA,10ABM3,10ABM,61.22604,-163.19798,0.4157,0.44,3.9278,0.2271,30,29.97,b,2015
117,McElvein,2018,AM12,11,high/dry unburn,NA,soil,organic,NA,12ABM3,12ABM,61.26243,-163.28703,0.8007,0.428,3.6293,0.0738,30,9.49,u,NA
118,McElvein,2018,AM13,10,high/dry unburn,NA,soil,organic,NA,12ABM2,12ABM,61.26244,-163.28688,0.4671,0.433,5.1957,0.0554,30,7.2,u,NA
119,McElvein,2018,AM14,12,high/dry unburn,NA,soil,organic,NA,12ABM4,12ABM,61.26242,-163.28731,0.9077,0.444,4.7157,0.0546,30,7.28,u,NA
120,McElvein,2018,AM15,9,high/dry unburn,NA,soil,organic,NA,12ABM1,12ABM,61.26246,-163.28674,0.3955,0.405,3.9296,0.1276,30,15.49,u,NA
121,McElvein,2018,AM16,14,low/wet unburn,NA,soil,organic,NA,13ABM2,13ABM,61.2627,-163.28639,0.4509,0.457,24.0712,0.0109,30,1.5,u,NA
122,McElvein,2018,AM17,15,low/wet unburn,NA,soil,organic,NA,13ABM3,13ABM,61.26278,-163.28636,0.4312,0.461,15.7185,0.0105,30,1.45,u,NA
123,McElvein,2018,AM18,13,low/wet unburn,NA,soil,organic,NA,13ABM1,13ABM,61.26265,-163.28641,0.4199,0.437,17.4417,0.0259,30,3.39,u,NA
124,McElvein,2018,AM19,6,high/dry burn,NA,soil,organic,NA,11ABM2,11ABM,61.24006,-163.21364,0.4211,0.447,3.6987,0.056,30,7.51,b,2015
125,McElvein,2018,AM20,45,high/dry burn,NA,soil,organic,NA,8ABM4,8ABM,61.25789,-163.23891,0.8838,0.428,4.1872,0.1023,30,13.14,b,2015
126,McElvein,2018,AM21,8,high/dry burn,NA,soil,organic,NA,11ABM4,11ABM,61.23996,-163.214,0.3486,0.387,2.4503,0.1249,30,14.52,b,2015
127,McElvein,2018,AM22,5,high/dry burn,NA,soil,organic,NA,11ABM1,11ABM,61.24009,-163.21344,0.7679,0.435,3.4448,0.2885,30,37.62,b,2015
128,McElvein,2018,AM23,55,low/wet burn,NA,soil,organic,NA,ABM6,ABM6,61.26533,-163.24928,0.7924,0.281,4.2745,0.0557,30,4.7,b,2015
129,McElvein,2018,AM24,51,low/wet burn,NA,soil,organic,NA,ABM2,ABM2,61.2649,-163.24907,1.2178,0.437,10.7878,0.0446,30,5.86,b,2015
130,McElvein,2018,AM25,53,low/wet burn,NA,soil,organic,NA,ABM4,ABM4,61.26505,-163.24924,0.4928,0.444,10.9761,0.0277,30,3.69,b,2015
131,McElvein,2018,AM26,50,low/wet burn,NA,soil,organic,NA,ABM1,ABM1,61.2649,-163.24895,1.6965,0.447,11.7688,0.0222,30,2.98,b,2015
132,McElvein,2018,AM27,52,low/wet burn,NA,soil,organic,NA,ABM3,ABM3,61.26508,-163.24908,0.5076,0.453,22.5996,0.0193,30,2.62,b,2015
133,McElvein,2018,AM28,2,high/dry burn,NA,soil,organic,NA,10ABM2,10ABM,61.22599,-163.19774,0.8541,0.458,5.5086,0.0674,30,9.25,b,2015
134,McElvein,2018,AM29,7,high/dry burn,NA,soil,organic,NA,11ABM3,11ABM,61.24,-163.21381,0.7479,0.416,2.3981,0.093,30,11.61,b,2015
135,McElvein,2018,AM30,NA,burnt lake,NA,sediment,organic,NA,NA,BL1,61.26321,-163.22934,0.633,0.11,0.9984,NA,30,NA,b,2015
136,McElvein,2018,AM31,NA,burnt lake,NA,sediment,organic,NA,NA,BL1,61.261,-163.22969,0.1258,0.137,2.1171,NA,30,NA,b,2015
137,McElvein,2018,AM32,NA,unburnt lake,NA,sediment,organic,NA,NA,UBL1,61.25929,-163.25444,0.1579,0.183,3.0974,NA,30,NA,u,NA
138,McElvein,2018,AM33,NA,unburnt lake,NA,sediment,organic,NA,NA,UBL1,61.25913,-163.25925,0.717,0.105,2.2501,NA,30,NA,u,NA
139,McElvein,2018,AM34,27,high/dry unburn,NA,soil,organic,NA,23ABM3,23ABM,61.26911,-163.05487,0.8569,0.436,8.4557,0.0636,30,8.33,u,NA
140,McElvein,2018,AM35,22,low/wet unburn,NA,soil,organic,NA,22ABM3,22ABM,61.26709,-163.00714,0.4079,0.407,4.7971,0.0813,30,9.94,u,NA
141,McElvein,2018,AM36,25,high/dry unburn,NA,soil,organic,NA,23ABM1,23ABM,61.26938,-163.05489,0.3228,0.364,3.6421,0.1246,30,13.6,u,NA
142,McElvein,2018,AM37,21,low/wet unburn,NA,soil,organic,NA,22ABM2,22ABM,61.26721,-163.00703,1.5643,0.451,13.9313,0.0338,30,4.58,u,NA
143,McElvein,2018,AM38,26,high/dry unburn,NA,soil,organic,NA,23ABM2,23ABM,61.26958,-163.05466,0.4066,0.388,6.3506,0.0578,30,6.73,u,NA
144,McElvein,2018,AM39,23,low/wet unburn,NA,soil,organic,NA,22ABM4,22ABM,61.26688,-163.00708,0.4634,0.44,10.9517,0.0726,30,9.58,u,NA
145,McElvein,2018,AM40,20,low/wet unburn,NA,soil,organic,NA,22ABM1,22ABM,61.26743,-163.00729,0.4889,0.46,18.3834,0.0153,30,2.11,u,NA
146,McElvein,2018,AM41,24,low/wet unburn,NA,soil,organic,NA,22ABM5,22ABM,61.26652,-163.00684,0.3563,0.381,6.7962,0.0309,30,3.54,u,NA
147,McElvein,2018,AM42,16,high/dry unburn,NA,soil,organic,NA,21ABM1,21ABM,61.26923,-163.0018,0.4054,0.423,5.4853,0.0691,30,8.77,u,NA
148,McElvein,2018,AM43,18,high/dry unburn,NA,soil,organic,NA,21ABM3,21ABM,61.26901,-163.001,0.7482,0.282,3.1192,0.1271,30,10.74,u,NA
149,McElvein,2018,AM44,17,high/dry unburn,NA,soil,organic,NA,21ABM2,21ABM,61.26895,-163.0016,0.7876,0.42,4.3667,0.0582,30,7.34,u,NA
150,McElvein,2018,AM45,19,high/dry unburn,NA,soil,organic,NA,21ABM4,21ABM,61.26875,-163.00156,0.2656,0.271,1.9414,0.1306,30,10.61,u,NA
151,McElvein,2018,AM46,NA,burnt lake,NA,sediment,organic,NA,NA,BL2,61.2643,-163.24461,0.0842,0.091,1.2008,NA,30,NA,b,2015
152,McElvein,2018,AM47,NA,burnt lake,NA,sediment,organic,NA,NA,BL3,61.25847,-163.23211,0.1532,0.17,2.0302,NA,30,NA,b,2015
153,McElvein,2018,AM48,NA,burnt lake,NA,sediment,organic,NA,NA,BL4,61.26795,-163.22963,0.1736,0.2,1.6111,NA,30,NA,b,2015
154,McElvein,2018,AM49,NA,burnt pond in fen,NA,sediment,organic,NA,NA,BP1,61.2653,-163.24899,0.6456,0.102,1.259,NA,30,NA,b,2015
155,McElvein,2018,AM50-1,NA,burnt lake (white),NA,sediment,organic,NA,NA,BL5,61.27126,-163.23592,0.1524,0.144,1.4429,NA,30,NA,b,2015
156,McElvein,2018,AM50-2,NA,burnt lake (white),NA,sediment,organic,NA,NA,BL5,61.27126,-163.23592,0.104,0.148,1.1479,NA,30,NA,b,2015
157,McElvein,2018,AM51-1,NA,burnt lake (white),NA,sediment,organic,NA,NA,BL6,61.26983,-163.23344,0.2039,0.143,1.984,NA,30,NA,b,2015
158,McElvein,2018,AM51-2,NA,burnt lake (white),NA,sediment,organic,NA,NA,BL6,61.26983,-163.23344,0.048,0.118,2.6738,NA,30,NA,b,2015
159,McElvein,2018,AM52-1,NA,burnt lake (white),NA,sediment,organic,NA,NA,BL7,61.26532,-163.23575,0.1256,0.1,2.8712,NA,30,NA,b,2015
160,McElvein,2018,AM52-2,NA,burnt lake (white),NA,sediment,organic,NA,NA,BL7,61.26532,-163.23575,0.0041,0.091,2.1738,NA,30,NA,b,2015
161,McElvein,2018,AM53,28,high/dry burn,NA,soil,organic,NA,2ABM1,2ABM,61.26521,-163.24829,0.2346,0.267,2.0948,0.1201,30,9.63,b,2015
162,McElvein,2018,AM54,29,high/dry burn,NA,soil,organic,NA,2ABM2,2ABM,61.2652,-163.24831,0.1782,0.157,1.5548,0.4647,30,21.94,b,2015
163,McElvein,2018,AM55,30,high/dry burn,NA,soil,organic,NA,2ABM3,2ABM,61.26519,-163.24844,0.1448,0.155,0.9084,0.3274,30,15.23,b,2015
164,McElvein,2018,AM56,31,high/dry burn,NA,soil,organic,NA,2ABM4,2ABM,61.26537,-163.24857,0.2614,0.253,1.5601,0.046,30,3.48,b,2015
165,McElvein,2018,AM57,32,low/wet burn,NA,soil,organic,NA,3ABM2,3ABM,61.26632,-163.24927,0.9784,0.318,7.4643,0.0325,30,3.1,b,2015
166,McElvein,2018,AM58,NA,low/wet burn,NA,soil,organic,NA,NA,3ABM,61.26631,-163.24942,1.5949,NA,16.0743,NA,30,NA,b,2015
167,McElvein,2018,AM59,33,low/wet burn,NA,soil,organic,NA,3ABM3,3ABM,61.26628,-163.2495,0.5103,0.444,21.3008,0.0338,30,4.5,b,2015
168,McElvein,2018,AM60,34,low/wet burn,NA,soil,organic,NA,3ABM4,3ABM,61.26632,-163.24954,1.5833,0.458,16.5338,0.0365,30,5.01,b,2015
169,McElvein,2018,AM61,35,low/wet burn,NA,soil,organic,NA,3ABM5,3ABM,61.26637,-163.24954,0.4488,0.465,7.919,0.0621,30,8.66,b,2015
170,McElvein,2018,AM62,36,low/wet burn,NA,soil,organic,NA,3ABM6,3ABM,61.26632,-163.24954,0.4653,0.448,10.3542,0.0503,30,6.76,b,2015
171,McElvein,2018,AM63,37,low/wet burn,NA,soil,organic,NA,4ABM1,4ABM,61.26712,-163.24976,1.4548,0.463,14.3864,0.017,30,2.36,b,2015
172,McElvein,2018,AM64,38,low/wet burn,NA,soil,organic,NA,4ABM2,4ABM,61.26722,-163.24968,0.4671,0.455,17.0386,0.0262,30,3.57,b,2015
173,McElvein,2018,AM65,39,low/wet burn,NA,soil,organic,NA,4ABM3,4ABM,61.26718,-163.24974,0.4917,0.457,13.1757,0.0555,30,7.61,b,2015
174,McElvein,2018,AM66,40,low/wet burn,NA,soil,organic,NA,4ABM4,4ABM,61.26723,-163.24989,1.4481,0.478,13.3423,0.0238,30,3.41,b,2015
175,McElvein,2018,AM67,41,low/wet burn,NA,soil,organic,NA,4ABM5,4ABM,61.26711,-163.25012,1.5644,0.462,16.2764,0.0345,30,4.78,b,2015